Workbook

Sheet Ashok_Leyland
A1: Assumptions | B1: Ashok_Leyland | C1: NSE India | D1: ASHOKLEY
A2: Purhased Qty (Long) | B2: 5000 | C2: Lot size | D2: 5000
A3: Cost price | B3: 180 | C3: No. of Lots required | D3: =B8/D2 -> 2
A4: Purchase Value | B4: =B2*B3 -> 900000 | C4: CMP (30th July closing) | D4: ='Summary-F&O'!B8 -> 121.9
A5: Expiry considered for hedging | B5: 28th Aug 2025 | C5: Last Traded Price (Aug expiry Futures as on 30th July) | D5: ='Summary-F&O'!B9 -> 122.55
A6: Corporate Action | B6: Bonus 1:1 (16th July'25) | C6: Closest Strike price (Put Buy) (With Good Volume) | D6: ='Summary-F&O'!C10 -> 130
A7: Adjusted cost for CA | B7: =B3/2 -> 90 | C7: LTP Put Option Premium | D7: ='Summary-F&O'!C11 -> 8.25
A8: Revised Qty. | B8: =B4/B7 -> 10000
A10: Payoff Computation | B10: A | C10: B | D10: C= A+B | F10: D | G10: E | H10: F = A + D - E
A11: Expiry day price | B11: Stock PnL | C11: Futures PnL | D11: Net Payoff-Futures | F11: Options PnL | G11: Options Premium | H11: Net Payoff-Options
A12: 80 | B12: =(A12-$D$4)*10000 -> -419000 | C12: =($D$5-A12)*10000 -> 425500 | D12: =C12+B12 -> 6500 | F12: =MAX($D$6-A12,0)*$D$2*$D$3 -> 500000 | G12: =$D$7*$D$2*$D$3 -> 82500 | H12: =B12+F12-G12 -> -1500
A13: =A12+10 -> 90 | B13: =(A13-$D$4)*10000 -> -319000 | C13: =($D$5-A13)*10000 -> 325500 | D13: =C13+B13 -> 6500 | F13: =MAX($D$6-A13,0)*$D$2*$D$3 -> 400000 | G13: =G12 -> 82500 | H13: =B13+F13-G13 -> -1500
A14: =A13+10 -> 100 | B14: =(A14-$D$4)*10000 -> -219000 | C14: =($D$5-A14)*10000 -> 225500 | D14: =C14+B14 -> 6500 | F14: =MAX($D$6-A14,0)*$D$2*$D$3 -> 300000 | G14: =G13 -> 82500 | H14: =B14+F14-G14 -> -1500
A15: =A14+10 -> 110 | B15: =(A15-$D$4)*10000 -> -119000 | C15: =($D$5-A15)*10000 -> 125500 | D15: =C15+B15 -> 6500 | F15: =MAX($D$6-A15,0)*$D$2*$D$3 -> 200000 | G15: =G14 -> 82500 | H15: =B15+F15-G15 -> -1500
A16: =A15+10 -> 120 | B16: =(A16-$D$4)*10000 -> -19000 | C16: =($D$5-A16)*10000 -> 25500 | D16: =C16+B16 -> 6500 | F16: =MAX($D$6-A16,0)*$D$2*$D$3 -> 100000 | G16: =G15 -> 82500 | H16: =B16+F16-G16 -> -1500
A17: =A16+10 -> 130 | B17: =(A17-$D$4)*10000 -> 81000 | C17: =($D$5-A17)*10000 -> -74500 | D17: =C17+B17 -> 6500 | F17: =MAX($D$6-A17,0)*$D$2*$D$3 -> 0 | G17: =G16 -> 82500 | H17: =B17+F17-G17 -> -1500
A18: =A17+10 -> 140 | B18: =(A18-$D$4)*10000 -> 181000 | C18: =($D$5-A18)*10000 -> -174500 | D18: =C18+B18 -> 6500 | F18: =MAX($D$6-A18,0)*$D$2*$D$3 -> 0 | G18: =G17 -> 82500 | H18: =B18+F18-G18 -> 98500
A19: =A18+10 -> 150 | B19: =(A19-$D$4)*10000 -> 281000 | C19: =($D$5-A19)*10000 -> -274500 | D19: =C19+B19 -> 6500 | F19: =MAX($D$6-A19,0)*$D$2*$D$3 -> 0 | G19: =G18 -> 82500 | H19: =B19+F19-G19 -> 198500
A20: =A19+10 -> 160 | B20: =(A20-$D$4)*10000 -> 381000 | C20: =($D$5-A20)*10000 -> -374500 | D20: =C20+B20 -> 6500 | F20: =MAX($D$6-A20,0)*$D$2*$D$3 -> 0 | G20: =G19 -> 82500 | H20: =B20+F20-G20 -> 298500
A21: =A20+10 -> 170 | B21: =(A21-$D$4)*10000 -> 481000 | C21: =($D$5-A21)*10000 -> -474500 | D21: =C21+B21 -> 6500 | F21: =MAX($D$6-A21,0)*$D$2*$D$3 -> 0 | G21: =G20 -> 82500 | H21: =B21+F21-G21 -> 398500
A22: =A21+10 -> 180 | B22: =(A22-$D$4)*10000 -> 581000 | C22: =($D$5-A22)*10000 -> -574500 | D22: =C22+B22 -> 6500 | F22: =MAX($D$6-A22,0)*$D$2*$D$3 -> 0 | G22: =G21 -> 82500 | H22: =B22+F22-G22 -> 498500
A23: =A22+10 -> 190 | B23: =(A23-$D$4)*10000 -> 681000 | C23: =($D$5-A23)*10000 -> -674500 | D23: =C23+B23 -> 6500 | F23: =MAX($D$6-A23,0)*$D$2*$D$3 -> 0 | G23: =G22 -> 82500 | H23: =B23+F23-G23 -> 598500
A24: =A23+10 -> 200 | B24: =(A24-$D$4)*10000 -> 781000 | C24: =($D$5-A24)*10000 -> -774500 | D24: =C24+B24 -> 6500 | F24: =MAX($D$6-A24,0)*$D$2*$D$3 -> 0 | G24: =G23 -> 82500 | H24: =B24+F24-G24 -> 698500
... A26: =A25+10 -> 220 | B26: =(A26-$D$4)*10000 -> 981000 | C26: =($D$5-A26)*10000 -> -974500 | D26: =C26+B26 -> 6500 | F26: =MAX($D$6-A26,0)*$D$2*$D$3 -> 0 | G26: =G25 -> 82500 | H26: =B26+F26-G26 -> 898500

Sheet LT
A1: Assumptions | B1: Larsen & Toubro | C1: NSE India | D1: LT
A2: Purhased Qty (Long) | B2: ='Summary-F&O'!D6 -> 300 | C2: Lot size | D2: 175
A3: Cost price | B3: 2600 | C3: No. of Lots required | D3: =ROUNDUP(B2/D2,0) -> 2
A4: Purchase Value | B4: =B2*B3 -> 780000 | C4: CMP (30th July closing) | D4: ='Summary-F&O'!E8 -> 3659.2
A5: Expiry considered for hedging | B5: 28th Aug 2025 | C5: Last Traded Price (Aug expiry Futures as on 30th July) | D5: ='Summary-F&O'!D9 -> 3677
A6: Corporate Action | B6: NA | C6: Closest Strike price (Put Buy) (With Good Volume) | D6: 3800
C7: LTP Put Option Premium | D7: 155.7
A10: Payoff Computation | B10: A | C10: B | D10: C= A+B | F10: D | G10: E | H10: F = A + D - E
A11: Expiry day price | B11: Stock PnL | C11: Futures PnL | D11: Net Payoff-Futures | F11: Options PnL | G11: Options Premium | H11: Net Payoff-Options
A12: 3500 | B12: =(A12-$D$4)*$D$2*$D$3 -> -55720 | C12: =($D$5-A12)*$D$2*$D$3 -> 61950 | D12: =C12+B12 -> 6230 | F12: =MAX($D$6-A12,0)*$D$2*$D$3 -> 105000 | G12: =$D$7*$D$2*$D$3 -> 54495 | H12: =B12+F12-G12 -> -5215
A13: =A12+50 -> 3550 | B13: =(A13-$D$4)*$D$2*$D$3 -> -38220 | C13: =($D$5-A13)*$D$2*$D$3 -> 44450 | D13: =C13+B13 -> 6230 | F13: =MAX($D$6-A13,0)*$D$2*$D$3 -> 87500 | G13: =G12 -> 54495 | H13: =B13+F13-G13 -> -5215
A14: =A13+50 -> 3600 | B14: =(A14-$D$4)*$D$2*$D$3 -> -20720 | C14: =($D$5-A14)*$D$2*$D$3 -> 26950 | D14: =C14+B14 -> 6230 | F14: =MAX($D$6-A14,0)*$D$2*$D$3 -> 70000 | G14: =G13 -> 54495 | H14: =B14+F14-G14 -> -5215
A15: =A14+50 -> 3650 | B15: =(A15-$D$4)*$D$2*$D$3 -> -3220 | C15: =($D$5-A15)*$D$2*$D$3 -> 9450 | D15: =C15+B15 -> 6230 | F15: =MAX($D$6-A15,0)*$D$2*$D$3 -> 52500 | G15: =G14 -> 54495 | H15: =B15+F15-G15 -> -5215
A16: =A15+50 -> 3700 | B16: =(A16-$D$4)*$D$2*$D$3 -> 14280 | C16: =($D$5-A16)*$D$2*$D$3 -> -8050 | D16: =C16+B16 -> 6230 | F16: =MAX($D$6-A16,0)*$D$2*$D$3 -> 35000 | G16: =G15 -> 54495 | H16: =B16+F16-G16 -> -5215
A17: =A16+50 -> 3750 | B17: =(A17-$D$4)*$D$2*$D$3 -> 31780 | C17: =($D$5-A17)*$D$2*$D$3 -> -25550 | D17: =C17+B17 -> 6230 | F17: =MAX($D$6-A17,0)*$D$2*$D$3 -> 17500 | G17: =G16 -> 54495 | H17: =B17+F17-G17 -> -5215
A18: =A17+50 -> 3800 | B18: =(A18-$D$4)*$D$2*$D$3 -> 49280 | C18: =($D$5-A18)*$D$2*$D$3 -> -43050 | D18: =C18+B18 -> 6230 | F18: =MAX($D$6-A18,0)*$D$2*$D$3 -> 0 | G18: =G17 -> 54495 | H18: =B18+F18-G18 -> -5215
A19: =A18+50 -> 3850 | B19: =(A19-$D$4)*$D$2*$D$3 -> 66780 | C19: =($D$5-A19)*$D$2*$D$3 -> -60550 | D19: =C19+B19 -> 6230 | F19: =MAX($D$6-A19,0)*$D$2*$D$3 -> 0 | G19: =G18 -> 54495 | H19: =B19+F19-G19 -> 12285
A20: =A19+50 -> 3900 | B20: =(A20-$D$4)*$D$2*$D$3 -> 84280 | C20: =($D$5-A20)*$D$2*$D$3 -> -78050 | D20: =C20+B20 -> 6230 | F20: =MAX($D$6-A20,0)*$D$2*$D$3 -> 0 | G20: =G19 -> 54495 | H20: =B20+F20-G20 -> 29785
A21: =A20+50 -> 3950 | B21: =(A21-$D$4)*$D$2*$D$3 -> 101780 | C21: =($D$5-A21)*$D$2*$D$3 -> -95550 | D21: =C21+B21 -> 6230 | F21: =MAX($D$6-A21,0)*$D$2*$D$3 -> 0 | G21: =G20 -> 54495 | H21: =B21+F21-G21 -> 47285
A22: =A21+50 -> 4000 | B22: =(A22-$D$4)*$D$2*$D$3 -> 119280 | C22: =($D$5-A22)*$D$2*$D$3 -> -113050 | D22: =C22+B22 -> 6230 | F22: =MAX($D$6-A22,0)*$D$2*$D$3 -> 0 | G22: =G21 -> 54495 | H22: =B22+F22-G22 -> 64785
A23: =A22+50 -> 4050 | B23: =(A23-$D$4)*$D$2*$D$3 -> 136780 | C23: =($D$5-A23)*$D$2*$D$3 -> -130550 | D23: =C23+B23 -> 6230 | F23: =MAX($D$6-A23,0)*$D$2*$D$3 -> 0 | G23: =G22 -> 54495 | H23: =B23+F23-G23 -> 82285
A24: =A23+50 -> 4100 | B24: =(A24-$D$4)*$D$2*$D$3 -> 154280 | C24: =($D$5-A24)*$D$2*$D$3 -> -148050 | D24: =C24+B24 -> 6230 | F24: =MAX($D$6-A24,0)*$D$2*$D$3 -> 0 | G24: =G23 -> 54495 | H24: =B24+F24-G24 -> 99785
... A26: =A25+50 -> 4200 | B26: =(A26-$D$4)*$D$2*$D$3 -> 189280 | C26: =($D$5-A26)*$D$2*$D$3 -> -183050 | D26: =C26+B26 -> 6230 | F26: =MAX($D$6-A26,0)*$D$2*$D$3 -> 0 | G26: =G25 -> 54495 | H26: =B26+F26-G26 -> 134785

Sheet Summary-F&O
A1: Name of stock | B1: Ashok Leyland | D1: Larsen & Toubro
A2: Symbol | B2: ASHOKLEY | C2: ASHOKLEY | D2: LT | E2: LT
A3: Type of Hedging | B3: Futures | C3: Options | D3: Futures | E3: Options
A4: Action | B4: SELL | C4: BUY PUT | D4: SELL | E4: BUY PUT
A5: Lot size | B5: 5000 | C5: 5000 | D5: 175 | E5: 175
A6: Exposure Qty. to be covered | B6: =10000 -> 10000 | C6: =10000 -> 10000 | D6: 300 | E6: 300
A7: No. of minimum Lots required | B7: =ROUND(B6/B5,0) -> 2 | C7: =ROUND(C6/C5,0) -> 2 | D7: =ROUND(D6/D5,0) -> 2 | E7: =ROUND(E6/E5,0) -> 2
A8: CMP (30th July closing) | B8: 121.9 | C8: 121.9 | D8: 3659.2 | E8: 3659.2
A9: Last Traded Price (Aug expiry Futures as on 30th July) | B9: 122.55 | D9: 3677
A10: Closest Strike price (With Good Volume) | C10: 130 | E10: 3800
A11: LTP Put Option Premium | C11: 8.25 | E11: 155.7
A13: Break even price | C13: =C10-C11 -> 121.75 | E13: =E10-E11 -> 3644.3
A14: CMP | C14: =C8 -> 121.9 | E14: =E8 -> 3659.2
A15: Diff. (Immaterial ignored) | C15: =C14-C13 -> 0.15 | E15: =E14-E13 -> 14.9
C16: =C15/C14 -> 0.0012305168 | E16: =E15/E14 -> 0.0040719283

Sheet Data points
B2: Stock Name | C2: Symbol | D2: Markets | E2: Purch. Qty. | F2: Purch. Price | G2: Cost
B3: Ashok Leyland | C3: ASHOKLEY | D3: NSE, India | E3: 5000 | F3: 180 | G3: =F3*E3 -> 900000
B4: Larsen & Toubro | C4: LT | D4: NSE, India | E4: 300 | F4: 2600 | G4: =F4*E4 -> 780000
B5: Total Exposure | G5: =SUM(G3:G4) -> 1680000
B10: Stock Name | C10: Symbol | D10: Markets | E10: Purch. Qty. | F10: Purch. Price | G10: Cost | H10: CMP | I10: Current Value | K10: Gains/(Losses)
B11: Ashok Leyland | C11: ASHOKLEY | D11: NSE, India | E11: 10000 | F11: 90 | G11: =F11*E11 -> 900000 | H11: ='Summary-F&O'!C8 -> 121.9 | I11: =H11*E11 -> 1219000 | K11: =I11-G11 -> 319000
B12: Larsen & Toubro | C12: LT | D12: NSE, India | E12: 300 | F12: 2600 | G12: =F12*E12 -> 780000 | H12: ='Summary-F&O'!D8 -> 3659.2 | I12: =H12*E12 -> 1097760 | K12: =I12-G12 -> 317760
B13: Total Exposure | G13: =SUM(G11:G12) -> 1680000 | I13: =SUM(I11:I12) -> 2316760 | K13: =SUM(K11:K12) -> 636760

Sheet AL-Screenshot
A71: Futures

Sheet L&T-Screenshot
A71: Futures
